https://python.langchain.com/docs/get_started/introduction,
https://python.langchain.com/docs/modules/data_connection/,
https://python.langchain.com/docs/additional_resources,
https://python.langchain.com/docs/modules/chains/,
https://python.langchain.com/docs/integrations/providers/,
https://python.langchain.com/docs/modules/,
https://python.langchain.com/docs/additional_resources/dependents,
https://python.langchain.com/docs/use_cases/question_answering/,
https://python.langchain.com/docs/modules/callbacks/,
https://python.langchain.com/docs/get_started,
https://python.langchain.com/docs/integrations/providers,
https://python.langchain.com/docs/expression_language/,
https://python.langchain.com/,
https://python.langchain.com/docs/guides/,
https://python.langchain.com/docs/guides,
https://python.langchain.com/docs/get_started/installation,
https://python.langchain.com/docs/modules/agents/,
https://python.langchain.com/docs/use_cases/chatbots/,
https://python.langchain.com/docs/additional_resources/youtube,
https://python.langchain.com/docs/modules/memory/,
https://python.langchain.com/docs/additional_resources/,
https://python.langchain.com/docs/use_cases/qa_structured/sql/,
https://python.langchain.com/docs/get_started/quickstart,
https://python.langchain.com/docs/modules/model_io/,
https://python.langchain.com/docs/community,
https://python.langchain.com/docs/modules/data_connection/vectorstores/,
https://python.langchain.com/docs/modules/chains/document/,
https://python.langchain.com/docs/modules/model_io/models/llms/,
https://python.langchain.com/docs/additional_resources/tutorials,
https://python.langchain.com/docs/guides/deployments/,
https://python.langchain.com/docs/modules/chains/how_to/,
https://python.langchain.com/docs/use_cases/sql,
https://python.langchain.com/docs/use_cases/more/agents/,
https://python.langchain.com/docs/integrations/tools,
https://python.langchain.com/docs/modules/data_connection/retrievers/self_query,
https://python.langchain.com/docs/integrations/chat_loaders,
https://python.langchain.com/docs/guides/safety/moderation,
https://python.langchain.com/docs/use_cases/question_answering/how_to/vector_db_qa,
https://python.langchain.com/docs/use_cases/tagging,
https://python.langchain.com/docs/modules/callbacks/multiple_callbacks,
https://python.langchain.com/docs/use_cases/qa_structured/sql,
https://python.langchain.com/docs/components/schema/document,
https://python.langchain.com/docs/integrations/providers/activeloop_deeplake,
https://python.langchain.com/docs/integrations/document_loaders/grobid,
https://python.langchain.com/docs/modules/agents/toolkits/,
https://python.langchain.com/docs/integrations/toolkits,
https://python.langchain.com/docs/modules/data_connection/retrievers/ensemble,
https://python.langchain.com/docs/integrations/platforms/google,
https://python.langchain.com/docs/use_cases/question_answering/integrations/openai_functions_retrieval_qa,
https://python.langchain.com/docs/modules/model_io/models/,
https://python.langchain.com/docs/use_cases/question_answering/docs/integrations/document_loaders/source_code,
https://python.langchain.com/docs/modules/data_connection/text_embedding/,
https://python.langchain.com/docs/guides/debugging,
https://python.langchain.com/docs/modules/data_connection/document_loaders/,
https://python.langchain.com/docs/modules/callbacks/filecallbackhandler,
https://python.langchain.com/docs/integrations/memory,
https://python.langchain.com/docs/modules/use_cases/question_answering/how_to/local_retrieval_qa,
https://python.langchain.com/docs/modules/data_connection/retrievers/parent_document_retriever,
https://python.langchain.com/docs/use_cases/qa_structured/integrations/databricks,
https://python.langchain.com/docs/expression_language/interface,
https://python.langchain.com/docs/integrations/vectorstores,
https://python.langchain.com/docs/integrations/platforms/aws,
https://python.langchain.com/docs/use_cases/web_scraping,
https://python.langchain.com/docs/use_cases/question_answering/how_to/document-context-aware-QA,
https://python.langchain.com/docs/integrations/text_embedding,
https://python.langchain.com/docs/modules/callbacks/custom_chain,
https://python.langchain.com/docs/modules/callbacks/token_counting,
https://python.langchain.com/docs/use_cases/extraction,
https://python.langchain.com/docs/integrations/platforms/anthropic,
https://python.langchain.com/docs/integrations/platforms/microsoft,
https://python.langchain.com/docs/integrations/callbacks,
https://python.langchain.com/docs/modules/callbacks/tags,
https://python.langchain.com/docs/modules/callbacks/custom_callbacks,
https://python.langchain.com/docs/modules/data_connection/indexing,
https://python.langchain.com/docs/expression_language/cookbook,
https://python.langchain.com/docs/use_cases/question_answering/how_to/question_answering.html,
https://python.langchain.com/docs/guides/adapters/openai,
https://python.langchain.com/docs/modules/data_connection/retrievers/,
https://python.langchain.com/docs/modules/data_connection/document_transformers/,
https://python.langchain.com/docs/modules/model_io/output_parsers/structured,
https://python.langchain.com/docs/expression_language/cookbook/,
https://python.langchain.com/docs/integrations/document_loaders,
https://python.langchain.com/docs/integrations/platforms/openai,
https://python.langchain.com/docs/modules/callbacks/async_callbacks,
https://python.langchain.com/docs/expression_language/how_to,
https://python.langchain.com/docs/modules/chains/foundational/,
https://python.langchain.com/docs/integrations/components,
https://python.langchain.com/docs/use_cases/chatbots,
https://python.langchain.com/docs/integrations/callbacks/,
https://python.langchain.com/docs/modules/data_connection/retrievers/MultiQueryRetriever,
https://python.langchain.com/docs/integrations/document_transformers,
https://python.langchain.com/docs/expression_language/how_to/binding,
https://python.langchain.com/docs/use_cases/summarization,
https://python.langchain.com/docs/use_cases/apis,
https://python.langchain.com/docs/integrations/chat,
https://python.langchain.com/docs/integrations/retrievers,
https://python.langchain.com/docs/use_cases/code_understanding,
https://python.langchain.com/docs/integrations/llms,
https://python.langchain.com/docs/modules/model_io/output_parsers/output_fixing_parser,
https://python.langchain.com/docs/modules/agents/tools/,
https://python.langchain.com/docs/modules/data_connection/retrievers/self_query/elasticsearch_self_query,
https://python.langchain.com/docs/modules/data_connection/retrievers/self_query/activeloop_deeplake_self_query,
https://python.langchain.com/docs/modules/model_io/output_parsers/datetime,
https://python.langchain.com/docs/modules/data_connection/document_transformers/post_retrieval/long_context_reorder,
https://python.langchain.com/docs/modules/data_connection/retrievers/multi_vector,
https://python.langchain.com/docs/integrations/retrievers/,
https://python.langchain.com/docs/modules/chains/document/map_rerank,
https://python.langchain.com/docs/get_started/installation.html,
https://python.langchain.com/docs/modules/data_connection/retrievers/vectorstore,
https://python.langchain.com/docs/modules/data_connection/retrievers/self_query/qdrant_self_query,
https://python.langchain.com/docs/modules/data_connection/retrievers/self_query/,
https://python.langchain.com/docs/modules/data_connection/document_loaders/html,
https://python.langchain.com/docs/guides/safety/,
https://python.langchain.com/docs/modules/data_connection/document_loaders/csv,
https://python.langchain.com/docs/modules/model_io/output_parsers/enum,
https://python.langchain.com/docs/modules/data_connection/retrievers/self_query/redis_self_query,
https://python.langchain.com/docs/modules/data_connection/retrievers/self_query/vectara_self_query,
https://python.langchain.com/docs/ecosystem/integrations/chroma.html,
https://python.langchain.com/docs/modules/data_connection/document_loaders/markdown,
https://python.langchain.com/docs/modules/memory/agent_with_memory_in_db,
https://python.langchain.com/docs/use_cases,
https://python.langchain.com/docs/guides/fallbacks,
https://python.langchain.com/docs/modules/data_connection/retrievers/contextual_compression/,
https://python.langchain.com/docs/modules/memory/chat_messages/,
https://python.langchain.com/docs/modules/model_io/output_parsers/pydantic,
https://python.langchain.com/docs/modules/agents/agent_types/plan_and_execute.html,
https://python.langchain.com/docs/integrations/document_loaders/,
https://python.langchain.com/docs/guides/model_laboratory,
https://python.langchain.com/docs/integrations/document_transformers/,
https://python.langchain.com/docs/modules/model_io/prompts/,
https://python.langchain.com/docs/modules/model_io/output_parsers/,
https://python.langchain.com/docs/modules/model_io/prompts,
https://python.langchain.com/docs/modules/data_connection/retrievers/self_query/weaviate_self_query,
https://python.langchain.com/docs/modules/model_io,
https://python.langchain.com/docs/modules/data_connection/retrievers/self_query/myscale_self_query,
https://python.langchain.com/docs/modules/data_connection/document_transformers/text_splitters/character_text_splitter,
https://python.langchain.com/docs/modules/data_connection/retrievers/self_query/dashvector,
https://python.langchain.com/docs/integrations/text_embedding/,
https://python.langchain.com/docs/modules/memory/types/,
https://python.langchain.com/docs/guides/local_llms,
https://python.langchain.com/docs/modules/data_connection/retrievers/self_query/chroma_self_query,
https://python.langchain.com/docs/modules/memory/agent_with_memory,
https://python.langchain.com/docs/modules/memory/multiple_memory,
https://python.langchain.com/docs/modules/data_connection/text_embedding/caching_embeddings,
https://python.langchain.com/docs/modules,
https://python.langchain.com/docs/use_cases/autonomous_agents/autogpt.html,
https://python.langchain.com/docs/use_cases/autonomous_agents/baby_agi.html,
https://python.langchain.com/docs/guides/pydantic_compatibility,
https://python.langchain.com/docs/modules/memory/conversational_customization,
https://python.langchain.com/docs/modules/model_io/output_parsers/comma_separated,
https://python.langchain.com/docs/expression_language,
https://python.langchain.com/docs/modules/model_io/output_parsers/retry,
https://python.langchain.com/docs/guides/evaluation/,
https://python.langchain.com/docs/modules/data_connection/retrievers/self_query/milvus_self_query,
https://python.langchain.com/docs/modules/data_connection/retrievers/web_research,
https://python.langchain.com/docs/modules/memory/adding_memory_chain_multiple_inputs,
https://python.langchain.com/docs/integrations/vectorstores/,
https://python.langchain.com/docs/modules/data_connection/retrievers/time_weighted_vectorstore,
https://python.langchain.com/docs/modules/agents/agent_types/react,
https://python.langchain.com/docs/modules/data_connection/document_loaders/file_directory,
https://python.langchain.com/docs/guides/privacy/presidio_data_anonymization/,
https://python.langchain.com/docs/guides/langsmith/,
https://python.langchain.com/docs/modules/model_io/output_parsers,
https://python.langchain.com/docs/modules/data_connection/document_loaders/pdf,
https://python.langchain.com/docs/modules/memory/custom_memory,
https://python.langchain.com/docs/modules/data_connection/document_loaders/json,
https://python.langchain.com/docs/modules/data_connection/retrievers/self_query/supabase_self_query,
https://python.langchain.com/docs/modules/agents/agent_types/,
https://python.langchain.com/docs/modules/agents/how_to/add_memory_openai_functions,
https://python.langchain.com/docs/modules/memory/adding_memory,
https://python.langchain.com/docs/modules/data_connection/retrievers/self_query/pinecone,
https://python.langchain.com/docs/modules/agents/how_to/use_toolkits_with_openai_functions,
https://python.langchain.com/docs/integrations/text_embedding/spacy_embedding,
https://python.langchain.com/docs/integrations/text_embedding/modelscope_hub,
https://python.langchain.com/docs/use_cases/question_answering/how_to/analyze_document,
https://python.langchain.com/docs/integrations/text_embedding/minimax,
https://python.langchain.com/docs/integrations/llms/sagemaker,
https://python.langchain.com/docs/use_cases/question_answering/how_to/vector_db_text_generation,
https://python.langchain.com/docs/use_cases/question_answering,
https://python.langchain.com/docs/integrations/text_embedding/ernie,
https://python.langchain.com/docs/modules/agents/tools/tool_input_validation,
https://python.langchain.com/docs/integrations/document_loaders/aws_s3_file.html,
https://python.langchain.com/docs/integrations/document_loaders/aws_s3_directory.html,
https://python.langchain.com/docs/integrations/llms/bedrock,
https://python.langchain.com/docs/modules/data_connection/document_transformers/text_splitters/split_by_token,
https://python.langchain.com/docs/modules/model_io/models/llms,
https://python.langchain.com/docs/modules/model_io/models/chat,
https://python.langchain.com/docs/use_cases/question_answering/how_to/multi_retrieval_qa_router,
https://python.langchain.com/docs/integrations/text_embedding/gpt4all,
https://python.langchain.com/docs/modules/model_io/models/llms/fake_llm,
https://python.langchain.com/docs/integrations/text_embedding/google_vertex_ai_palm,
https://python.langchain.com/docs/modules/model_io/models/llms/custom_llm,
https://python.langchain.com/docs/modules/model_io/models/llms/llm_caching,
https://python.langchain.com/docs/integrations/text_embedding/llamacpp,
https://python.langchain.com/docs/modules/agents/tools/custom_tools,
https://python.langchain.com/docs/integrations/tools/,
https://python.langchain.com/docs/integrations/text_embedding/fake,
https://python.langchain.com/docs/modules/model_io/models/llms/human_input_llm,
https://python.langchain.com/docs/integrations/text_embedding/elasticsearch,
https://python.langchain.com/docs/use_cases/question_answering/how_to/chat_vector_db,
https://python.langchain.com/docs/modules/model_io/models/chat/,
https://python.langchain.com/docs/integrations/text_embedding/localai,
https://python.langchain.com/docs/use_cases/docs/integrations/document_loaders/async_chromium,
https://python.langchain.com/docs/integrations/text_embedding/azureopenai,
https://python.langchain.com/docs/use_cases/docs/integrations/document_transformers/html2text,
https://python.langchain.com/docs/use_cases/docs/integrations/document_loaders/async_html,
https://python.langchain.com/docs/use_cases/question_answering/how_to/hyde,
https://python.langchain.com/docs/use_cases/question_answering/how_to/question_answering,
https://python.langchain.com/docs/modules/chains/document/map_reduce,
https://python.langchain.com/docs/integrations/text_embedding/ollama,
https://python.langchain.com/docs/integrations/text_embedding/tensorflowhub,
https://python.langchain.com/docs/integrations/text_embedding/bedrock,
https://python.langchain.com/docs/modules/model_io/models/llms/async_llm,
https://python.langchain.com/docs/modules/model_io/models/llms/llm_serialization,
https://python.langchain.com/docs/integrations/text_embedding/embaas,
https://python.langchain.com/docs/use_cases/question_answering/how_to/local_retrieval_qa,
https://python.langchain.com/docs/use_cases/question_answering/how_to/flare,
https://python.langchain.com/docs/use_cases/question_answering/how_to/multiple_retrieval,
https://python.langchain.com/docs/modules/chains/how_to/custom_chain.html,
https://python.langchain.com/docs/modules/agents/tools/tools_as_openai_functions,
https://python.langchain.com/docs/use_cases/question_answering/how_to/code/,
https://python.langchain.com/docs/integrations/llms/,
https://python.langchain.com/docs/ecosystem/integrations/notion,
https://python.langchain.com/docs/integrations/text_embedding/instruct_embeddings,
https://python.langchain.com/docs/modules/chains/document/refine,
https://python.langchain.com/docs/integrations/text_embedding/jina,
https://python.langchain.com/docs/integrations/text_embedding/nlp_cloud,
https://python.langchain.com/docs/integrations/text_embedding/self-hosted,
https://python.langchain.com/docs/modules/chains/foundational/transformation,
https://python.langchain.com/docs/use_cases/question_answering/how_to/qa_citations,
https://python.langchain.com/docs/modules/model_io/models/llms/token_usage_tracking,
https://python.langchain.com/docs/integrations/text_embedding/mosaicml,
https://python.langchain.com/docs/integrations/text_embedding/bge_huggingface,
https://python.langchain.com/docs/integrations/text_embedding/deepinfra,
https://python.langchain.com/docs/integrations/text_embedding/aleph_alpha,
https://python.langchain.com/docs/integrations/text_embedding/sentence_transformers,
https://python.langchain.com/docs/integrations/text_embedding/sagemaker-endpoint,
https://python.langchain.com/docs/integrations/text_embedding/cohere,
https://python.langchain.com/docs/modules/chains/document/stuff,
https://python.langchain.com/docs/use_cases/question_answering/how_to/conversational_retrieval_agents,
https://python.langchain.com/docs/modules/agents/tools/multi_input_tool,
https://python.langchain.com/docs/use_cases/docs/use_cases/extraction,
https://python.langchain.com/docs/integrations/text_embedding/clarifai,
https://python.langchain.com/docs/modules/data_connection/retrievers,
https://python.langchain.com/docs/integrations/document_transformers/openai_metadata_tagger,
https://python.langchain.com/docs/integrations/text_embedding/awadb,
https://python.langchain.com/docs/modules/agents/tools/human_approval,
https://python.langchain.com/docs/integrations/text_embedding/openai,
https://python.langchain.com/docs/integrations/text_embedding/xinference,
https://python.langchain.com/docs/integrations/text_embedding/huggingfacehub,
https://python.langchain.com/docs/integrations/llms/amazon_api_gateway_example,
https://python.langchain.com/docs/integrations/text_embedding/baidu_qianfan_endpoint,
https://python.langchain.com/docs/modules/model_io/models/llms/streaming_llm,
https://python.langchain.com/docs/integrations/text_embedding/dashscope,
https://python.langchain.com/docs/integrations/text_embedding/edenai,
https://python.langchain.com/docs/modules/model_io/models/chat/streaming,
https://python.langchain.com/docs/modules/model_io/prompts/prompt_templates/,
https://python.langchain.com/docs/modules/model_io/prompts/example_selectors/similarity,
https://python.langchain.com/docs/modules/model_io/prompts/example_selectors/,
https://python.langchain.com/docs/integrations/document_loaders/rss,
https://python.langchain.com/docs/integrations/chat/promptlayer_chatopenai,
https://python.langchain.com/docs/integrations/chat_models/azure_openai,
https://python.langchain.com/docs/integrations/document_loaders/rst,
https://python.langchain.com/docs/integrations/document_loaders/facebook_chat,
https://python.langchain.com/docs/integrations/document_loaders/notion,
https://python.langchain.com/docs/integrations/document_loaders/async_html,
https://python.langchain.com/docs/integrations/document_loaders/docugami,
https://python.langchain.com/docs/integrations/toolkits/multion,
https://python.langchain.com/docs/integrations/document_loaders/aws_s3_file,
https://python.langchain.com/docs/integrations/document_loaders/college_confidential,
https://python.langchain.com/docs/integrations/document_loaders/datadog_logs,
https://python.langchain.com/docs/integrations/document_loaders/polars_dataframe,
https://python.langchain.com/docs/integrations/document_loaders/airbyte_typeform,
https://python.langchain.com/docs/integrations/document_loaders/readthedocs_documentation,
https://python.langchain.com/docs/integrations/toolkits/gitlab,
https://python.langchain.com/docs/integrations/document_loaders/youtube_transcript,
https://python.langchain.com/docs/integrations/document_loaders/microsoft_powerpoint,
https://python.langchain.com/docs/integrations/toolkits/python,
https://python.langchain.com/docs/integrations/toolkits/powerbi,
https://python.langchain.com/docs/integrations/document_loaders/gitbook,
https://python.langchain.com/docs/integrations/toolkits/json,
https://python.langchain.com/docs/integrations/document_loaders/ifixit,
https://python.langchain.com/docs/integrations/toolkits/ainetwork,
https://python.langchain.com/docs/integrations/document_loaders/azure_blob_storage_container,
https://python.langchain.com/docs/integrations/document_loaders/gutenberg,
https://python.langchain.com/docs/integrations/document_loaders/browserless,
https://python.langchain.com/docs/integrations/document_loaders/arcgis,
https://python.langchain.com/docs/integrations/document_loaders/recursive_url_loader,
https://python.langchain.com/docs/integrations/toolkits/azure_cognitive_services,
https://python.langchain.com/docs/integrations/document_loaders/telegram,
https://python.langchain.com/docs/integrations/document_loaders/email,
https://python.langchain.com/docs/integrations/document_loaders/aws_s3_directory,
https://python.langchain.com/docs/integrations/document_loaders/mediawikidump,
https://python.langchain.com/docs/integrations/document_loaders/azure_document_intelligence,
https://python.langchain.com/docs/integrations/document_loaders/azure_blob_storage_file,
https://python.langchain.com/docs/integrations/document_loaders/dropbox,
https://python.langchain.com/docs/expression_language/cookbook/prompt_llm_parser,
https://python.langchain.com/docs/integrations/document_loaders/mastodon,
https://python.langchain.com/docs/integrations/document_loaders/larksuite,
https://python.langchain.com/docs/integrations/toolkits/openapi,
https://python.langchain.com/docs/integrations/document_loaders/mhtml,
https://python.langchain.com/docs/integrations/document_loaders/rockset,
https://python.langchain.com/docs/integrations/document_loaders/toml,
https://python.langchain.com/docs/expression_language/cookbook/moderation,
https://python.langchain.com/docs/integrations/document_loaders/geopandas,
https://python.langchain.com/docs/integrations/document_loaders/pdf-amazonTextractPDFLoader,
https://python.langchain.com/docs/integrations/document_loaders/azlyrics,
https://python.langchain.com/docs/integrations/document_loaders/Etherscan,
https://python.langchain.com/docs/integrations/document_loaders/git,
https://python.langchain.com/docs/integrations/document_loaders/tsv,
https://python.langchain.com/docs/integrations/document_loaders/roam,
https://python.langchain.com/docs/integrations/retrievers/chatgpt-plugin,
https://python.langchain.com/docs/integrations/toolkits/pandas,
https://python.langchain.com/docs/integrations/toolkits/gmail,
https://python.langchain.com/docs/integrations/document_loaders/iugu,
https://python.langchain.com/docs/integrations/document_loaders/airbyte_gong,
https://python.langchain.com/docs/integrations/document_loaders/embaas,
https://python.langchain.com/docs/integrations/toolkits/sql_database,
https://python.langchain.com/docs/expression_language/cookbook/agent,
https://python.langchain.com/docs/integrations/document_loaders/blackboard,
https://python.langchain.com/docs/integrations/document_loaders/pubmed,
https://python.langchain.com/docs/integrations/document_loaders/cube_semantic,
https://python.langchain.com/docs/integrations/document_loaders/apify_dataset,
https://python.langchain.com/docs/integrations/document_loaders/xorbits,
https://python.langchain.com/docs/expression_language/cookbook/tools,
https://python.langchain.com/docs/integrations/document_loaders/spreedly,
https://python.langchain.com/docs/integrations/document_loaders/unstructured_file,
https://python.langchain.com/docs/expression_language/cookbook/retrieval,
https://python.langchain.com/docs/integrations/document_loaders/image,
https://python.langchain.com/docs/integrations/document_loaders/tencent_cos_directory,
https://python.langchain.com/docs/integrations/toolkits/vectorstore,
https://python.langchain.com/docs/integrations/document_loaders/airbyte_zendesk_support,
https://python.langchain.com/docs/expression_language/cookbook/multiple_chains,
https://python.langchain.com/docs/integrations/document_loaders/arxiv,
https://python.langchain.com/docs/integrations/document_loaders/google_cloud_storage_file,
https://python.langchain.com/docs/integrations/document_loaders/xml,
https://python.langchain.com/docs/integrations/document_loaders/psychic,
https://python.langchain.com/docs/integrations/document_loaders/github,
https://python.langchain.com/docs/integrations/document_loaders/google_cloud_storage_directory,
https://python.langchain.com/docs/integrations/toolkits/csv,
https://python.langchain.com/docs/integrations/document_loaders/pyspark_dataframe,
https://python.langchain.com/docs/integrations/document_loaders/subtitle,
https://python.langchain.com/docs/integrations/document_loaders/acreom,
https://python.langchain.com/docs/integrations/toolkits/airbyte_structured_qa,
https://python.langchain.com/docs/integrations/document_loaders/wikipedia,
https://python.langchain.com/docs/integrations/tools/apify,
https://python.langchain.com/docs/integrations/document_loaders/news,
https://python.langchain.com/docs/integrations/document_loaders/airbyte_shopify,
https://python.langchain.com/docs/use_cases/question_answering/index,
https://python.langchain.com/docs/integrations/document_loaders/microsoft_onedrive,
https://python.langchain.com/docs/integrations/toolkits/office365,
https://python.langchain.com/docs/integrations/document_loaders/sitemap,
https://python.langchain.com/docs/integrations/document_loaders/hugging_face_dataset,
https://python.langchain.com/docs/integrations/document_loaders/twitter,
https://python.langchain.com/docs/integrations/document_loaders/csv,
https://python.langchain.com/docs/integrations/document_loaders/modern_treasury,
https://python.langchain.com/docs/integrations/document_loaders/airbyte_hubspot,
https://python.langchain.com/docs/integrations/document_loaders/google_drive,
https://python.langchain.com/docs/integrations/toolkits/xorbits,
https://python.langchain.com/docs/integrations/document_loaders/evernote,
https://python.langchain.com/docs/integrations/document_loaders/microsoft_word,
https://python.langchain.com/docs/integrations/document_loaders/snowflake,
https://python.langchain.com/docs/integrations/toolkits/jira,
https://python.langchain.com/docs/integrations/document_loaders/async_chromium,
https://python.langchain.com/docs/integrations/toolkits/spark,
https://python.langchain.com/docs/integrations/document_loaders/airbyte_stripe,
https://python.langchain.com/docs/integrations/document_loaders/obsidian,
https://python.langchain.com/docs/integrations/document_loaders/bilibili,
https://python.langchain.com/docs/integrations/document_loaders/trello,
https://python.langchain.com/docs/integrations/llms/openai,
https://python.langchain.com/docs/integrations/document_loaders/airbyte_json,
https://python.langchain.com/docs/integrations/document_loaders/nuclia,
https://python.langchain.com/docs/integrations/document_loaders/epub,
https://python.langchain.com/docs/integrations/document_loaders/odt,
https://python.langchain.com/docs/integrations/tools/zapier,
https://python.langchain.com/docs/integrations/document_loaders/alibaba_cloud_maxcompute,
https://python.langchain.com/docs/integrations/document_loaders/figma,
https://python.langchain.com/docs/integrations/toolkits/google_drive,
https://python.langchain.com/docs/integrations/document_loaders/airbyte_salesforce,
https://python.langchain.com/docs/integrations/document_loaders/excel,
https://python.langchain.com/docs/integrations/document_loaders/tensorflow_datasets,
https://python.langchain.com/docs/expression_language/cookbook/memory,
https://python.langchain.com/docs/integrations/document_loaders/airbyte_cdk,
https://python.langchain.com/docs/integrations/document_loaders/hacker_news,
https://python.langchain.com/docs/integrations/document_loaders/diffbot,
https://python.langchain.com/docs/integrations/document_loaders/jupyter_notebook,
https://python.langchain.com/docs/expression_language/how_to/routing,
https://python.langchain.com/docs/integrations/document_loaders/example_data/notebook,
https://python.langchain.com/docs/integrations/toolkits/github,
https://python.langchain.com/docs/integrations/document_loaders/imsdb,
https://python.langchain.com/docs/integrations/document_loaders/url,
https://python.langchain.com/docs/integrations/toolkits/spark_sql,
https://python.langchain.com/docs/integrations/document_loaders/stripe,
https://python.langchain.com/docs/integrations/document_loaders/google_bigquery,
https://python.langchain.com/docs/integrations/document_loaders/airtable,
https://python.langchain.com/docs/integrations/document_loaders/joplin,
https://python.langchain.com/docs/integrations/document_loaders/pandas_dataframe,
https://python.langchain.com/docs/integrations/document_loaders/blockchain,
https://python.langchain.com/docs/integrations/document_loaders/org_mode,
https://python.langchain.com/docs/integrations/toolkits/playwright,
https://python.langchain.com/docs/integrations/document_loaders/tomarkdown,
https://python.langchain.com/docs/integrations/document_loaders/brave_search,
https://python.langchain.com/docs/integrations/document_loaders/concurrent,
https://python.langchain.com/docs/integrations/document_loaders/open_city_data,
https://python.langchain.com/docs/integrations/toolkits/,
https://python.langchain.com/docs/integrations/document_loaders/copypaste,
https://python.langchain.com/docs/integrations/document_loaders/image_captions,
https://python.langchain.com/docs/integrations/toolkits/document_comparison_toolkit,
https://python.langchain.com/docs/integrations/document_loaders/huawei_obs_file,
https://python.langchain.com/docs/integrations/document_loaders/web_base,
https://python.langchain.com/docs/integrations/chat_models/openai,
https://python.langchain.com/docs/integrations/document_loaders/merge_doc_loader,
https://python.langchain.com/docs/integrations/document_loaders/microsoft_sharepoint,
https://python.langchain.com/docs/integrations/document_loaders/source_code,
https://python.langchain.com/docs/integrations/document_loaders/duckdb,
https://python.langchain.com/docs/integrations/document_loaders/conll-u,
https://python.langchain.com/docs/expression_language/cookbook/sql_db,
https://python.langchain.com/docs/integrations/document_loaders/chatgpt_loader,
https://python.langchain.com/docs/integrations/document_loaders/huawei_obs_directory,
https://python.langchain.com/docs/integrations/toolkits/amadeus,
https://python.langchain.com/docs/expression_language/cookbook/code_writing,
https://python.langchain.com/docs/integrations/document_loaders/youtube_audio,
https://python.langchain.com/docs/integrations/toolkits/openapi_nla,
https://python.langchain.com/docs/integrations/document_loaders/confluence,
https://python.langchain.com/docs/integrations/document_loaders/bibtex,
https://python.langchain.com/docs/integrations/document_loaders/notiondb,
https://python.langchain.com/docs/integrations/llms/azure_openai_example,
https://python.langchain.com/docs/integrations/document_loaders/reddit,
https://python.langchain.com/docs/integrations/document_loaders/tencent_cos_file,
https://python.langchain.com/docs/integrations/document_loaders/slack,
https://python.langchain.com/docs/integrations/document_loaders/whatsapp_chat,
https://python.langchain.com/docs/integrations/document_loaders/fauna,
https://python.langchain.com/docs/integrations/document_loaders/assemblyai,
https://python.langchain.com/docs/integrations/document_loaders/discord,
https://python.langchain.com/docs/modules/data_connection/document_transformers/text_splitters/tiktoken,
https://python.langchain.com/docs/integrations/document_loaders/weather,
https://python.langchain.com/docs/integrations/memory/,
https://python.langchain.com/docs/modules/memory/how_to/adding_memory.html,
https://python.langchain.com/docs/modules/memory/types/buffer,
https://python.langchain.com/docs/modules/memory/how_to/agent_with_memory.html,
https://python.langchain.com/docs/modules/memory/types/vectorstore_retriever_memory,
https://python.langchain.com/docs/modules/memory/types/buffer_window,
https://python.langchain.com/docs/modules/memory/types/kg,
https://python.langchain.com/docs/modules/memory/types/token_buffer,
https://python.langchain.com/docs/modules/agents/how_to/custom_agent.html,
https://python.langchain.com/docs/modules/memory/types/summary,
https://python.langchain.com/docs/modules/memory/types/entity_summary_memory,
https://python.langchain.com/docs/modules/memory/types/summary_buffer,
https://python.langchain.com/docs/integrations/memory/cassandra_chat_message_history,
https://python.langchain.com/docs/integrations/memory/remembrall,
https://python.langchain.com/docs/use_cases/agent_simulations/two_agent_debate_tools,
https://python.langchain.com/docs/integrations/llms/bittensor,
https://python.langchain.com/docs/modules/agents/how_to/sharedmemory_for_tools,
https://python.langchain.com/docs/integrations/memory/zep_memory,
https://python.langchain.com/docs/integrations/memory/streamlit_chat_message_history,
https://python.langchain.com/docs/integrations/memory/motorhead_memory_managed,
https://python.langchain.com/docs/modules/memory/adding_memory.html,
https://python.langchain.com/docs/integrations/memory/mongodb_chat_message_history,
https://python.langchain.com/docs/integrations/memory/dynamodb_chat_message_history,
https://python.langchain.com/docs/integrations/memory/momento_chat_message_history,
https://python.langchain.com/docs/integrations/memory/xata_chat_message_history,
https://python.langchain.com/docs/integrations/memory/entity_memory_with_sqlite,
https://python.langchain.com/docs/integrations/memory/sql_chat_message_history,
https://python.langchain.com/docs/integrations/memory/motorhead_memory,
https://python.langchain.com/docs/integrations/memory/rockset_chat_message_history,
https://python.langchain.com/docs/modules/chains/foundational/router,
https://python.langchain.com/docs/integrations/providers/google_search,
https://python.langchain.com/docs/integrations/memory/postgres_chat_message_history,
https://python.langchain.com/docs/integrations/memory/redis_chat_message_history,
https://python.langchain.com/docs/ecosystem/integrations/modal.html,
https://python.langchain.com/docs/guides/evaluation/examples/,
https://python.langchain.com/docs/guides/langsmith/walkthrough,
https://python.langchain.com/docs/ecosystem/integrations/jina.html,
https://python.langchain.com/docs/guides/deployments/template_repos,
https://python.langchain.com/docs/guides/safety/logical_fallacy_chain,
https://python.langchain.com/docs/guides/evaluation/examples/comparisons,
https://python.langchain.com/docs/integrations/providers/wandb_tracing,
https://python.langchain.com/docs/guides/docs/integrations/llms/ollama,
https://python.langchain.com/docs/guides/docs/use_cases,
https://python.langchain.com/docs/guides/privacy/presidio_data_anonymization/reversible,
https://python.langchain.com/docs/guides/evaluation/string/,
https://python.langchain.com/docs/guides/docs/use_cases/question_answering/how_to/local_retrieval_qa,
https://python.langchain.com/docs/modules/callbacks/how_to/filecallbackhandler,
https://python.langchain.com/docs/guides/evaluation/trajectory/,
https://python.langchain.com/docs/guides/docs/integrations/llms/llamacpp,
https://python.langchain.com/docs/guides/safety/hugging_face_prompt_injection,
https://python.langchain.com/docs/guides/evaluation/comparison/,
https://python.langchain.com/docs/integrations/llms/llamacpp,
https://python.langchain.com/docs/integrations/llms/gpt4all,
https://python.langchain.com/docs/ecosystem/integrations/ray_serve.html,
https://python.langchain.com/docs/guides/safety/constitutional_chain,
https://python.langchain.com/docs/ecosystem/integrations/openllm.html,
https://python.langchain.com/docs/guides/safety/amazon_comprehend_chain,
https://python.langchain.com/docs/guides/privacy/presidio_data_anonymization/multi_language,
https://python.langchain.com/docs/integrations/providers/modal.html,
https://python.langchain.com/docs/guides/evaluation/trajectory/trajectory_eval,
https://python.langchain.com/docs/integrations/providers/jina.html,
https://python.langchain.com/docs/modules/chains/foundational/llm_chain,
https://python.langchain.com/docs/modules/chains/how_to/call_methods,
https://python.langchain.com/docs/modules/chains/how_to/serialization,
https://python.langchain.com/docs/modules/chains/foundational/sequential_chains,
https://python.langchain.com/docs/modules/chains/how_to/debugging,
https://python.langchain.com/docs/modules/chains/how_to/from_hub,
https://python.langchain.com/docs/modules/chains/how_to/memory,
https://python.langchain.com/docs/modules/chains/how_to/async_chain,
https://python.langchain.com/docs/modules/chains/how_to/custom_chain,
https://python.langchain.com/docs/modules/chains/how_to/openai_functions,
https://python.langchain.com/docs/modules/agents/how_to/custom_mrkl_agent,
https://python.langchain.com/docs/modules/agents/agent_types/openai_functions_agent.html,
https://python.langchain.com/docs/modules/agents/how_to/custom_llm_agent,
https://python.langchain.com/docs/modules/agents/how_to/max_iterations,
https://python.langchain.com/docs/modules/agents/agent_types/react_docstore.html,
https://python.langchain.com/docs/modules/agents/how_to/streaming_stdout_final_only,
https://python.langchain.com/docs/modules/agents/agent_types/self_ask_with_search,
https://python.langchain.com/docs/modules/agents/agent_types/plan_and_execute,
https://python.langchain.com/docs/modules/agents/how_to/custom_agent_with_tool_retrieval,
https://python.langchain.com/docs/modules/agents/how_to/chatgpt_clone,
https://python.langchain.com/docs/modules/agents/how_to/custom_multi_action_agent,
https://python.langchain.com/docs/modules/agents/how_to/async_agent,
https://python.langchain.com/docs/modules/agents/how_to/agent_vectorstore,
https://python.langchain.com/docs/modules/agents/how_to/agent_iter,
https://python.langchain.com/docs/modules/agents/agent_types/self_ask_with_search.html,
https://python.langchain.com/docs/modules/agents/agent_types/openai_functions_agent,
https://python.langchain.com/docs/modules/agents/agent_types/react.html,
https://python.langchain.com/docs/modules/agents/how_to/handle_parsing_errors,
https://python.langchain.com/docs/modules/agents/how_to/intermediate_steps,
https://python.langchain.com/docs/modules/agents/how_to/max_time_limit,
https://python.langchain.com/docs/modules/agents/agent_types/openai_multi_functions_agent,
https://python.langchain.com/docs/modules/agents/agent_types/xml_agent,
https://python.langchain.com/docs/modules/agents/how_to/custom-functions-with-openai-functions-agent,
https://python.langchain.com/docs/modules/agents/how_to/mrkl,
https://python.langchain.com/docs/modules/agents/agent_types/structured_chat,
https://python.langchain.com/docs/modules/agents/how_to/custom_agent,
https://python.langchain.com/docs/modules/agents/agent_types/structured_chat.html,
https://python.langchain.com/docs/modules/agents/agent_types/chat_conversation_agent,
https://python.langchain.com/docs/modules/agents/agent_types/chat_conversation_agent.html,
https://python.langchain.com/docs/modules/agents/how_to/custom_llm_chat_agent,
https://python.langchain.com/docs/modules/agents/agent_types/react_docstore,
https://python.langchain.com/docs/integrations/llms/jsonformer_experimental,
https://python.langchain.com/docs/integrations/callbacks/streamlit,
https://python.langchain.com/docs/integrations/callbacks/promptlayer,
https://python.langchain.com/docs/integrations/callbacks/infino,
https://python.langchain.com/docs/integrations/callbacks/argilla,
https://python.langchain.com/en/latest/modules/callbacks/getting_started.html,
https://python.langchain.com/docs/integrations/callbacks/labelstudio,
https://python.langchain.com/docs/integrations/callbacks/sagemaker_tracking,
https://python.langchain.com/docs/integrations/callbacks/confident,
https://python.langchain.com/docs/integrations/callbacks/llmonitor,
https://python.langchain.com/docs/integrations/callbacks/context,
https://python.langchain.com/docs/integrations/llms/ollama,
https://python.langchain.com/docs/integrations/llms/promptlayer_openai,
https://python.langchain.com/docs/modules/agents/how_to/mrkl/,
